scheduler_name,num_jobs,num_gpus,makespan,avg_job_completion_time,avg_wait_time,median_jct,p95_jct,p99_jct,throughput,avg_gpu_utilisation,avg_queue_length,max_queue_length,load_level,arrival_rate
FIFO,7500,10,73902.00429056895,60.53037218225552,0.0,54.667895340462564,129.90467494391027,179.79647474039004,0.10148574550848978,31.328665476888045,0.0,1,light,0.1
SJF,7500,10,73902.00429056895,60.53037218225552,0.0,54.667895340462564,129.90467494391027,179.79647474039004,0.10148574550848978,31.328665476888045,0.0,1,light,0.1
FIFO,7500,10,29631.02620669932,60.53244559171066,0.002073409455136425,54.667895340463474,129.90467494391055,179.79647474039007,0.25311306964806757,53.46958858339889,0.0005246367594641132,2,moderate,0.25
SJF,7500,10,29631.02620669932,60.53153811823536,0.001165935979836407,54.667895340463474,129.90467494391055,179.79647474039007,0.25311306964806757,53.46937267702598,0.00029501788596972533,2,moderate,0.25
FIFO,7500,10,14909.688279452563,65.43311282436662,4.902740642111108,58.60509307547858,139.1032571246985,187.158593578816,0.5030286253761556,61.07567548304938,2.4654237795410543,43,heavy,0.5
SJF,7500,10,14909.688279452563,62.41112055696131,1.8807483747058082,55.24631723546753,138.05450377930484,193.38193197197882,0.5030286253761556,60.302166206544335,0.9457652576001409,18,heavy,0.5
FIFO,7500,10,12939.592837186043,2736.5301424819013,2675.999770299645,2710.277968812486,5227.072400317593,5426.749419246118,0.5796163831713746,63.55810266382034,1550.7651721938948,3171,extreme,1.0
SJF,7500,10,12560.972879952436,857.1363807826697,796.6060086004142,58.02077553106301,6627.924787545892,9507.675767916997,0.5970875084023268,66.51328831960961,475.55247465628815,1075,extreme,1.0
