scheduler_name,num_jobs,num_gpus,makespan,avg_job_completion_time,avg_wait_time,median_jct,p95_jct,p99_jct,throughput,avg_gpu_utilisation,avg_queue_length,max_queue_length,load_level,arrival_rate
FIFO,7500,5,73902.00429056895,60.5345116792722,0.004139497016685588,54.68402945260823,129.90467494391027,179.79647474039004,0.10148574550848978,47.19241076415075,0.00041996331667704925,2,light,0.1
SJF,7500,5,73902.00429056895,60.53324098183593,0.0028687995804153616,54.68402945260823,129.90467494391027,179.79647474039004,0.10148574550848978,47.19434620574316,0.0002910475794079963,2,light,0.1
FIFO,7500,5,29638.63809200161,76.60319745998088,16.072825277725343,66.02328157954071,173.5539116671356,230.49782035526485,0.2530480643786388,60.29029209138412,4.065878072153592,48,moderate,0.25
SJF,7500,5,29639.321171110947,66.02760687288772,5.497234690632197,56.469154130832976,148.2914248200261,226.79382209066543,0.25304223253635616,60.24056792986694,1.390581348042074,19,moderate,0.25
FIFO,7500,5,25923.9903052848,5537.470375421355,5476.9400032391,5468.050460007782,10616.67895352215,11014.39651319778,0.2893073138694651,63.650015829472274,1584.2249563478501,3208,heavy,0.5
SJF,7500,5,25071.501066286142,1693.6447905796663,1633.1144183974106,60.488291376464986,13378.33491008581,19164.129258973666,0.29914443415936165,66.6805932952926,488.4434109430176,1097,heavy,0.5
FIFO,7500,5,25944.366304845473,9267.58150507979,9207.051132897534,9233.028108793016,17661.403764836883,18339.51697728477,0.28908009977485055,63.81214199698299,2661.328640531123,5349,extreme,1.0
SJF,7500,5,24303.72578660734,3642.4151223600647,3581.88475017781,71.43788809753448,15853.71045966997,20016.483987264353,0.3085946601707012,69.39655147184513,1105.241172972676,2717,extreme,1.0
